"","gene1","gene2","chi_square_p","shared"
"1","IRF4","IKZF1",6.10123290580199e-16,45
"2","IRF4","IKZF3",3.66002445234597e-107,119
"3","IRF4","p300",5.60190463940178e-53,145
"4","IKZF1","IKZF3",2.39838018824048e-107,49
"5","IKZF1","p300",2.05695597902801e-05,22
"6","IKZF3","p300",2.42612069509706e-30,54
