Acetylomics,IKZF3 K369,Protein levels,IKZF3,
DMSO,48972663,DMSO,0.917137,
DMSO,76371703,DMSO,0.729778,
DMSO,49886876,DMSO,1.146996628,
KB450_1,20449413,DMSO,1.206088122,
KB450_1,19028914,KB450_6,0.605731,
KB450_1,21831479,KB450_6,0.390117,
KB450_2,12089634,KB450_6,0.663177676,
KB450_2,11446603,KB450_6,0.698314811,
KB450_2,13713289,KB450_24,0.379641,
,,KB450_24,0.411211,
,,KB450_24,0.426710032,
,,KB450_24,0.409147064,
